# step , loss function , Y0 , learning rate , running time
0.000000000000000000e+00,5.389062520096338631e+03,3.319879819662203690e-01,1.000000000000000000e+00,9.769752502441406250e+01
1.000000000000000000e+00,5.103631346791926262e+03,1.331987979906747999e+00,1.000000000000000000e+00,9.937453007698059082e+01
2.000000000000000000e+00,4.557993562364467834e+03,2.330958838635876607e+00,1.000000000000000000e+00,1.010013310909271240e+02
3.000000000000000000e+00,4.061350454129221816e+03,3.326654908157056223e+00,1.000000000000000000e+00,1.026055810451507568e+02
4.000000000000000000e+00,3.797780476313755116e+03,4.317429624028272350e+00,1.000000000000000000e+00,1.042366180419921875e+02
5.000000000000000000e+00,3.220767775234483452e+03,5.302881187290657827e+00,1.000000000000000000e+00,1.058319780826568604e+02
6.000000000000000000e+00,2.946981880118683875e+03,6.279454819372936925e+00,1.000000000000000000e+00,1.074280419349670410e+02
7.000000000000000000e+00,2.888746692049776357e+03,7.245970383049157526e+00,1.000000000000000000e+00,1.090136601924896240e+02
8.000000000000000000e+00,2.390454986738121534e+03,8.201756026980469017e+00,1.000000000000000000e+00,1.106237082481384277e+02
9.000000000000000000e+00,2.098972302241329999e+03,9.144610904964524778e+00,1.000000000000000000e+00,1.122326591014862061e+02
1.000000000000000000e+01,3.250448539944208278e+03,1.006607719236800769e+01,1.000000000000000000e+00,1.138454661369323730e+02
1.100000000000000000e+01,1.901110229974914546e+03,1.098298852024403160e+01,1.000000000000000000e+00,1.154878389835357666e+02
1.200000000000000000e+01,1.969024662894676112e+03,1.187907326955217613e+01,1.000000000000000000e+00,1.171051032543182373e+02
1.300000000000000000e+01,2.183954582116772599e+03,1.275122798112546008e+01,1.000000000000000000e+00,1.186989331245422363e+02
1.400000000000000000e+01,1.805221021508654303e+03,1.360307314965648118e+01,1.000000000000000000e+00,1.203076128959655762e+02
1.500000000000000000e+01,2.000347362629684540e+03,1.442841512155756512e+01,1.000000000000000000e+00,1.219331641197204590e+02
1.600000000000000000e+01,2.573401683646161473e+03,1.523745932990105345e+01,1.000000000000000000e+00,1.235643589496612549e+02
1.700000000000000000e+01,2.653733738724672548e+03,1.603574477140028520e+01,1.000000000000000000e+00,1.252011609077453613e+02
1.800000000000000000e+01,1.975305964406800740e+03,1.681683651587898964e+01,1.000000000000000000e+00,1.268079891204833984e+02
1.900000000000000000e+01,1.510055045066655566e+03,1.758417380263141894e+01,1.000000000000000000e+00,1.284122712612152100e+02
2.000000000000000000e+01,2.160206505669330454e+03,1.832446546252353414e+01,1.000000000000000000e+00,1.300249481201171875e+02
2.100000000000000000e+01,2.296872146407044511e+03,1.904747774416838269e+01,1.000000000000000000e+00,1.316268138885498047e+02
2.200000000000000000e+01,1.897830690020574593e+03,1.975918142877746675e+01,1.000000000000000000e+00,1.332344770431518555e+02
2.300000000000000000e+01,1.691368422441663142e+03,2.046135334764241520e+01,1.000000000000000000e+00,1.348348400592803955e+02
2.400000000000000000e+01,1.502599732253047478e+03,2.115518551954388826e+01,1.000000000000000000e+00,1.364335501194000244e+02
2.500000000000000000e+01,1.500950305112974092e+03,2.181100142526395302e+01,1.000000000000000000e+00,1.380260941982269287e+02
2.600000000000000000e+01,1.603208433780996984e+03,2.245123586927679327e+01,1.000000000000000000e+00,1.396276359558105469e+02
2.700000000000000000e+01,1.399248846293255838e+03,2.305856508922976644e+01,1.000000000000000000e+00,1.412141361236572266e+02
2.800000000000000000e+01,2.011698098145694985e+03,2.363481053754767913e+01,1.000000000000000000e+00,1.428248729705810547e+02
2.900000000000000000e+01,1.277558103237251316e+03,2.421746495532766374e+01,1.000000000000000000e+00,1.444310681819915771e+02
3.000000000000000000e+01,1.649760210497892785e+03,2.478061525984077562e+01,1.000000000000000000e+00,1.460273389816284180e+02
3.100000000000000000e+01,1.826585592549794910e+03,2.533736158132140304e+01,1.000000000000000000e+00,1.476337800025939941e+02
3.200000000000000000e+01,1.910195942990645108e+03,2.589321685995545153e+01,1.000000000000000000e+00,1.492409570217132568e+02
3.300000000000000000e+01,1.439562491422402900e+03,2.643246906648371919e+01,1.000000000000000000e+00,1.509174258708953857e+02
3.400000000000000000e+01,1.257510599680595078e+03,2.692310070443940262e+01,1.000000000000000000e+00,1.525831942558288574e+02
3.500000000000000000e+01,1.203425428989949978e+03,2.737752725553197664e+01,1.000000000000000000e+00,1.541942741870880127e+02
3.600000000000000000e+01,1.585285066739021659e+03,2.783612170176061795e+01,1.000000000000000000e+00,1.558024981021881104e+02
3.700000000000000000e+01,1.529694883391885469e+03,2.828571143638020047e+01,1.000000000000000000e+00,1.574166631698608398e+02
3.800000000000000000e+01,1.322808813971266773e+03,2.872121175025528572e+01,1.000000000000000000e+00,1.590277292728424072e+02
3.900000000000000000e+01,1.209971305077843226e+03,2.916743482306459612e+01,1.000000000000000000e+00,1.606305191516876221e+02
4.000000000000000000e+01,1.332179299904837308e+03,2.961165942994773204e+01,1.000000000000000000e+00,1.622562291622161865e+02
4.100000000000000000e+01,1.372097408309911771e+03,3.007850690544246319e+01,1.000000000000000000e+00,1.638760240077972412e+02
4.200000000000000000e+01,1.690903834146708505e+03,3.055178443035944724e+01,1.000000000000000000e+00,1.654776430130004883e+02
4.300000000000000000e+01,1.019653015488185588e+03,3.104168811688358431e+01,1.000000000000000000e+00,1.670748240947723389e+02
4.400000000000000000e+01,1.303872935704269139e+03,3.154271116423171151e+01,1.000000000000000000e+00,1.686599092483520508e+02
4.500000000000000000e+01,9.044044736461323737e+02,3.204544705398345172e+01,1.000000000000000000e+00,1.702525959014892578e+02
4.600000000000000000e+01,1.039719514532613630e+03,3.253057434766790124e+01,1.000000000000000000e+00,1.718770549297332764e+02
4.700000000000000000e+01,8.839296470451821506e+02,3.301941790205086136e+01,1.000000000000000000e+00,1.735198788642883301e+02
4.800000000000000000e+01,1.010639069402644168e+03,3.349601739681028789e+01,1.000000000000000000e+00,1.751196238994598389e+02
4.900000000000000000e+01,1.034217679403915099e+03,3.397571271184361308e+01,1.000000000000000000e+00,1.767243320941925049e+02
5.000000000000000000e+01,9.871479843705944859e+02,3.445722715451135798e+01,1.000000000000000000e+00,1.783240702152252197e+02
5.100000000000000000e+01,1.135832401707166810e+03,3.494863959746158599e+01,1.000000000000000000e+00,1.799156889915466309e+02
5.200000000000000000e+01,8.596307764491032231e+02,3.542761674734163080e+01,1.000000000000000000e+00,1.815338530540466309e+02
5.300000000000000000e+01,9.429851830637564944e+02,3.590612985561045178e+01,1.000000000000000000e+00,1.831655192375183105e+02
5.400000000000000000e+01,6.042843220176672503e+02,3.639874930119682972e+01,1.000000000000000000e+00,1.848102478981018066e+02
5.500000000000000000e+01,8.611637532985874941e+02,3.686027174001134199e+01,1.000000000000000000e+00,1.864102971553802490e+02
5.600000000000000000e+01,1.155625778851952418e+03,3.732880984561227677e+01,1.000000000000000000e+00,1.880181140899658203e+02
5.700000000000000000e+01,1.053270240535096946e+03,3.781364297626883086e+01,1.000000000000000000e+00,1.896205890178680420e+02
5.800000000000000000e+01,1.233955728922161370e+03,3.830567370510986080e+01,1.000000000000000000e+00,1.912205109596252441e+02
5.900000000000000000e+01,8.836689029732343670e+02,3.881681910822278780e+01,1.000000000000000000e+00,1.928417689800262451e+02
6.000000000000000000e+01,7.520391584643286933e+02,3.933667482542946914e+01,1.000000000000000000e+00,1.944398951530456543e+02
6.100000000000000000e+01,9.276418262698595072e+02,3.985709345724165331e+01,1.000000000000000000e+00,1.960404841899871826e+02
6.200000000000000000e+01,8.278592545857476352e+02,4.037125972112107775e+01,1.000000000000000000e+00,1.976353540420532227e+02
6.300000000000000000e+01,7.599917442727218031e+02,4.086826622299957990e+01,1.000000000000000000e+00,1.992347960472106934e+02
6.400000000000000000e+01,7.656207680050304134e+02,4.136495047978810646e+01,1.000000000000000000e+00,2.008375120162963867e+02
6.500000000000000000e+01,1.023070158067408670e+03,4.186481245036594601e+01,1.000000000000000000e+00,2.024525480270385742e+02
6.600000000000000000e+01,7.414661835951244484e+02,4.237183942212475785e+01,1.000000000000000000e+00,2.040771698951721191e+02
6.700000000000000000e+01,7.497049070633918291e+02,4.287010547069086641e+01,1.000000000000000000e+00,2.056787619590759277e+02
6.800000000000000000e+01,1.018478900610644132e+03,4.337900943042657786e+01,1.000000000000000000e+00,2.072757251262664795e+02
6.900000000000000000e+01,8.412141005738069452e+02,4.388318135194231218e+01,1.000000000000000000e+00,2.088794231414794922e+02
7.000000000000000000e+01,7.358823726910776486e+02,4.438107256552365953e+01,1.000000000000000000e+00,2.104944682121276855e+02
7.100000000000000000e+01,7.263414578129098800e+02,4.488374649294206620e+01,1.000000000000000000e+00,2.121622021198272705e+02
7.200000000000000000e+01,5.374714996347489659e+02,4.538673803914891636e+01,1.000000000000000000e+00,2.137704050540924072e+02
7.300000000000000000e+01,8.599403649107512138e+02,4.585499919136424296e+01,1.000000000000000000e+00,2.154033999443054199e+02
7.400000000000000000e+01,5.789274580101443917e+02,4.631377296087450190e+01,1.000000000000000000e+00,2.170007512569427490e+02
7.500000000000000000e+01,8.727748027271411502e+02,4.677288743612231059e+01,1.000000000000000000e+00,2.186363530158996582e+02
7.600000000000000000e+01,8.399974926564218549e+02,4.722808228578095679e+01,1.000000000000000000e+00,2.202267630100250244e+02
7.700000000000000000e+01,8.390773055968467133e+02,4.769700000258852413e+01,1.000000000000000000e+00,2.218620691299438477e+02
7.800000000000000000e+01,6.564661348757902033e+02,4.817294504437978020e+01,1.000000000000000000e+00,2.234786291122436523e+02
7.900000000000000000e+01,8.772357987857463968e+02,4.863053736334077826e+01,1.000000000000000000e+00,2.250973849296569824e+02
8.000000000000000000e+01,5.721716355112407655e+02,4.908198203375778945e+01,1.000000000000000000e+00,2.266767930984497070e+02
8.100000000000000000e+01,5.441584443206830883e+02,4.952569180025616902e+01,1.000000000000000000e+00,2.282854521274566650e+02
8.200000000000000000e+01,4.183016259233426126e+02,4.996067450757289663e+01,1.000000000000000000e+00,2.298808529376983643e+02
8.300000000000000000e+01,6.132953388618772124e+02,5.038237363965247795e+01,1.000000000000000000e+00,2.315198500156402588e+02
8.400000000000000000e+01,5.760627782217987942e+02,5.078525204399321780e+01,1.000000000000000000e+00,2.331407260894775391e+02
8.500000000000000000e+01,5.208340382324342954e+02,5.118554475279758975e+01,1.000000000000000000e+00,2.347462642192840576e+02
8.600000000000000000e+01,6.492625120413988498e+02,5.158716122061021281e+01,1.000000000000000000e+00,2.363834760189056396e+02
8.700000000000000000e+01,7.175305779914891673e+02,5.197682233501184612e+01,1.000000000000000000e+00,2.379973530769348145e+02
8.800000000000000000e+01,5.623444093485429676e+02,5.236537601041438705e+01,1.000000000000000000e+00,2.395798289775848389e+02
8.900000000000000000e+01,4.929030802048470150e+02,5.273908620683153714e+01,1.000000000000000000e+00,2.412189822196960449e+02
9.000000000000000000e+01,6.382928443655204092e+02,5.308440541356949893e+01,1.000000000000000000e+00,2.428328602313995361e+02
9.100000000000000000e+01,4.145747743988447382e+02,5.342803809122405312e+01,1.000000000000000000e+00,2.444817039966583252e+02
9.200000000000000000e+01,5.945303849246224672e+02,5.377561536268925124e+01,1.000000000000000000e+00,2.461496109962463379e+02
9.300000000000000000e+01,5.261349661472753496e+02,5.414525375890031711e+01,1.000000000000000000e+00,2.477731361389160156e+02
9.400000000000000000e+01,4.821385615332687848e+02,5.451899135037572108e+01,1.000000000000000000e+00,2.493693461418151855e+02
9.500000000000000000e+01,3.994568541128874131e+02,5.490361302079000438e+01,1.000000000000000000e+00,2.516053318977355957e+02
9.600000000000000000e+01,4.883469916944160332e+02,5.528687021910059940e+01,1.000000000000000000e+00,2.536250751018524170e+02
9.700000000000000000e+01,5.098910179132107032e+02,5.567938605834227417e+01,1.000000000000000000e+00,2.552360441684722900e+02
9.800000000000000000e+01,5.410749217535089883e+02,5.606438514670843176e+01,1.000000000000000000e+00,2.568493099212646484e+02
9.900000000000000000e+01,4.167430634745926454e+02,5.644553766658355443e+01,1.000000000000000000e+00,2.584601140022277832e+02
1.000000000000000000e+02,3.548626581581423807e+02,5.681200328072328176e+01,1.000000000000000000e+00,2.601199700832366943e+02
1.010000000000000000e+02,3.966974895977137976e+02,5.716211637607079155e+01,1.000000000000000000e+00,2.617489190101623535e+02
1.020000000000000000e+02,4.447735273373597238e+02,5.750976365283791836e+01,1.000000000000000000e+00,2.633724470138549805e+02
1.030000000000000000e+02,3.684926518535810942e+02,5.784358493556803182e+01,1.000000000000000000e+00,2.650376992225646973e+02
1.040000000000000000e+02,3.529603474087352879e+02,5.816508826230065665e+01,1.000000000000000000e+00,2.669973151683807373e+02
1.050000000000000000e+02,4.943853894013386707e+02,5.848311441038890734e+01,1.000000000000000000e+00,2.687007250785827637e+02
1.060000000000000000e+02,4.114425178901573190e+02,5.879563778397780993e+01,1.000000000000000000e+00,2.704487349987030029e+02
1.070000000000000000e+02,4.025479724707719242e+02,5.909313348196798898e+01,1.000000000000000000e+00,2.723575549125671387e+02
1.080000000000000000e+02,3.503602280029878671e+02,5.940358288479211524e+01,1.000000000000000000e+00,2.740171980857849121e+02
1.090000000000000000e+02,2.896817075109864845e+02,5.971874980797834809e+01,1.000000000000000000e+00,2.756722750663757324e+02
1.100000000000000000e+02,4.067469932182943921e+02,6.003310941508446064e+01,1.000000000000000000e+00,2.774612901210784912e+02
1.110000000000000000e+02,4.909636641767132232e+02,6.035053253088776870e+01,1.000000000000000000e+00,2.793161821365356445e+02
1.120000000000000000e+02,3.945184149816866466e+02,6.067260031351314353e+01,1.000000000000000000e+00,2.809938261508941650e+02
1.130000000000000000e+02,3.479392715942228733e+02,6.098181844856784295e+01,1.000000000000000000e+00,2.826158761978149414e+02
1.140000000000000000e+02,3.616225062576008895e+02,6.128985423798904009e+01,1.000000000000000000e+00,2.842638709545135498e+02
1.150000000000000000e+02,2.498093179547178693e+02,6.158566786658031589e+01,1.000000000000000000e+00,2.859995210170745850e+02
1.160000000000000000e+02,4.134953995988572615e+02,6.186315130763306058e+01,1.000000000000000000e+00,2.877706811428070068e+02
1.170000000000000000e+02,4.925656621586833808e+02,6.214766290486244316e+01,1.000000000000000000e+00,2.895866839885711670e+02
1.180000000000000000e+02,4.872892066377237370e+02,6.241482038241340291e+01,1.000000000000000000e+00,2.914249970912933350e+02
1.190000000000000000e+02,3.371847295590415570e+02,6.267333853659467735e+01,1.000000000000000000e+00,2.930211372375488281e+02
1.200000000000000000e+02,3.953345348941068096e+02,6.292210799330813131e+01,1.000000000000000000e+00,2.946240651607513428e+02
1.210000000000000000e+02,4.345587113125407086e+02,6.315413814702351658e+01,1.000000000000000000e+00,2.962938320636749268e+02
1.220000000000000000e+02,3.636775110506120541e+02,6.338675176950537349e+01,1.000000000000000000e+00,2.979880461692810059e+02
1.230000000000000000e+02,3.187071667339097871e+02,6.362936322191293925e+01,1.000000000000000000e+00,2.996947462558746338e+02
1.240000000000000000e+02,4.814240093837275367e+02,6.387613330813698553e+01,1.000000000000000000e+00,3.013943932056427002e+02
1.250000000000000000e+02,3.317549114361393094e+02,6.414561314087903554e+01,1.000000000000000000e+00,3.029876952171325684e+02
1.260000000000000000e+02,2.766337002893428689e+02,6.439902810874032468e+01,1.000000000000000000e+00,3.046174960136413574e+02
1.270000000000000000e+02,2.691710340131061230e+02,6.462893337930113091e+01,1.000000000000000000e+00,3.062106091976165771e+02
1.280000000000000000e+02,2.724232321250020732e+02,6.485118926478813250e+01,1.000000000000000000e+00,3.078071291446685791e+02
1.290000000000000000e+02,1.923893525717642206e+02,6.507457500091550173e+01,1.000000000000000000e+00,3.094436221122741699e+02
1.300000000000000000e+02,4.353534852865730045e+02,6.529044355178811543e+01,1.000000000000000000e+00,3.110813491344451904e+02
1.310000000000000000e+02,2.766469216004459781e+02,6.551267999207918535e+01,1.000000000000000000e+00,3.126855640411376953e+02
1.320000000000000000e+02,2.492808386132654732e+02,6.574740710515970932e+01,1.000000000000000000e+00,3.142942230701446533e+02
1.330000000000000000e+02,2.976686713479480204e+02,6.597946495355209606e+01,1.000000000000000000e+00,3.159085700511932373e+02
1.340000000000000000e+02,3.159790269095823874e+02,6.620684369643579714e+01,1.000000000000000000e+00,3.175079381465911865e+02
1.350000000000000000e+02,2.738325135361843650e+02,6.643778533846557366e+01,1.000000000000000000e+00,3.192738020420074463e+02
1.360000000000000000e+02,2.511576632324503180e+02,6.663499689934333503e+01,1.000000000000000000e+00,3.210878081321716309e+02
1.370000000000000000e+02,2.212528738007949869e+02,6.683649253313545557e+01,1.000000000000000000e+00,3.227104032039642334e+02
1.380000000000000000e+02,2.781610747167325144e+02,6.703637432879187941e+01,1.000000000000000000e+00,3.243175210952758789e+02
1.390000000000000000e+02,1.831039066132468065e+02,6.723200098533661162e+01,1.000000000000000000e+00,3.261767120361328125e+02
1.400000000000000000e+02,2.154035241594731929e+02,6.743101811229558962e+01,1.000000000000000000e+00,3.283364250659942627e+02
1.410000000000000000e+02,2.424471797058768914e+02,6.762377379877770522e+01,1.000000000000000000e+00,3.299602749347686768e+02
1.420000000000000000e+02,3.650485707864098686e+02,6.781225982462650848e+01,1.000000000000000000e+00,3.315825810432434082e+02
1.430000000000000000e+02,3.134851220104643517e+02,6.800299968574663012e+01,1.000000000000000000e+00,3.331979031562805176e+02
1.440000000000000000e+02,3.634160688574056621e+02,6.819822191559818236e+01,1.000000000000000000e+00,3.348392519950866699e+02
1.450000000000000000e+02,2.077261280196055679e+02,6.838794496525176214e+01,1.000000000000000000e+00,3.364526340961456299e+02
1.460000000000000000e+02,2.082530712116061977e+02,6.855808960108358008e+01,1.000000000000000000e+00,3.387704691886901855e+02
1.470000000000000000e+02,2.813525413542417937e+02,6.870560409708581062e+01,1.000000000000000000e+00,3.404944040775299072e+02
1.480000000000000000e+02,2.558108819882041018e+02,6.883581388845000504e+01,1.000000000000000000e+00,3.425434341430664062e+02
1.490000000000000000e+02,2.588486263574184250e+02,6.895981264447758008e+01,1.000000000000000000e+00,3.444149329662322998e+02
1.500000000000000000e+02,3.116680298871632431e+02,6.909076924229636063e+01,1.000000000000000000e+00,3.461450870037078857e+02
1.510000000000000000e+02,2.688307723409099026e+02,6.921555806922181375e+01,1.000000000000000000e+00,3.478792681694030762e+02
1.520000000000000000e+02,1.649018661713261054e+02,6.933533862328826558e+01,1.000000000000000000e+00,3.495732049942016602e+02
1.530000000000000000e+02,3.631479736132877179e+02,6.943853724214856982e+01,1.000000000000000000e+00,3.511785790920257568e+02
1.540000000000000000e+02,2.336388169125947343e+02,6.956119488390572769e+01,1.000000000000000000e+00,3.527668769359588623e+02
1.550000000000000000e+02,2.413836667210315454e+02,6.968366890536385938e+01,1.000000000000000000e+00,3.543712971210479736e+02
1.560000000000000000e+02,2.757057536555515753e+02,6.982118799086906336e+01,1.000000000000000000e+00,3.560068171024322510e+02
1.570000000000000000e+02,2.649113032507542584e+02,6.997322951081528686e+01,1.000000000000000000e+00,3.578181781768798828e+02
1.580000000000000000e+02,2.073951718129178232e+02,7.015381869251257285e+01,1.000000000000000000e+00,3.597392950057983398e+02
1.590000000000000000e+02,2.556026115451980445e+02,7.031673397525082692e+01,1.000000000000000000e+00,3.613647561073303223e+02
1.600000000000000000e+02,1.921473630352097075e+02,7.047327500207164519e+01,1.000000000000000000e+00,3.630719230175018311e+02
1.610000000000000000e+02,2.900820544906148371e+02,7.062758805095114667e+01,1.000000000000000000e+00,3.649247601032257080e+02
1.620000000000000000e+02,2.815807282209615892e+02,7.078820593185561449e+01,1.000000000000000000e+00,3.666163990497589111e+02
1.630000000000000000e+02,2.308933645793751452e+02,7.095200132203412124e+01,1.000000000000000000e+00,3.685300660133361816e+02
1.640000000000000000e+02,2.316482026549239492e+02,7.110829403509841029e+01,1.000000000000000000e+00,3.704752829074859619e+02
1.650000000000000000e+02,2.270710900514782509e+02,7.126805388827345666e+01,1.000000000000000000e+00,3.721392991542816162e+02
1.660000000000000000e+02,2.221080080012088445e+02,7.142216705549881794e+01,1.000000000000000000e+00,3.737612609863281250e+02
1.670000000000000000e+02,2.406093490681843150e+02,7.157835224173626898e+01,1.000000000000000000e+00,3.753799302577972412e+02
1.680000000000000000e+02,2.794760533661163890e+02,7.173417707342153449e+01,1.000000000000000000e+00,3.773877801895141602e+02
1.690000000000000000e+02,1.741589134891765980e+02,7.188564089633784704e+01,1.000000000000000000e+00,3.792362999916076660e+02
1.700000000000000000e+02,1.617003062664637412e+02,7.202558957473912926e+01,1.000000000000000000e+00,3.809754109382629395e+02
1.710000000000000000e+02,2.094575035788338937e+02,7.215853791462481581e+01,1.000000000000000000e+00,3.827276921272277832e+02
1.720000000000000000e+02,1.776415913077785547e+02,7.226998507557115659e+01,1.000000000000000000e+00,3.849015212059020996e+02
1.730000000000000000e+02,2.565365695361192593e+02,7.237708543025023289e+01,1.000000000000000000e+00,3.867399921417236328e+02
1.740000000000000000e+02,2.163188508277212918e+02,7.246305229904065470e+01,1.000000000000000000e+00,3.883826639652252197e+02
1.750000000000000000e+02,1.999354824091630007e+02,7.254901443302085795e+01,1.000000000000000000e+00,3.901489760875701904e+02
1.760000000000000000e+02,2.285362626236238555e+02,7.265077357462762109e+01,1.000000000000000000e+00,3.918368971347808838e+02
1.770000000000000000e+02,1.520562598811655448e+02,7.274379959222099501e+01,1.000000000000000000e+00,3.935777778625488281e+02
1.780000000000000000e+02,2.976659533641200142e+02,7.282940460306890884e+01,1.000000000000000000e+00,3.956955950260162354e+02
1.790000000000000000e+02,2.289076486504029901e+02,7.292177773082134706e+01,1.000000000000000000e+00,3.974619541168212891e+02
1.800000000000000000e+02,2.448130175964710702e+02,7.302896097941196274e+01,1.000000000000000000e+00,3.990703041553497314e+02
1.810000000000000000e+02,2.054397312077278741e+02,7.312552372875170192e+01,1.000000000000000000e+00,4.014229850769042969e+02
1.820000000000000000e+02,1.879847645931087925e+02,7.322636145237315475e+01,1.000000000000000000e+00,4.040521841049194336e+02
1.830000000000000000e+02,2.303734652193670343e+02,7.332637412544447386e+01,1.000000000000000000e+00,4.064322202205657959e+02
1.840000000000000000e+02,1.566314443622023873e+02,7.343168186167052625e+01,1.000000000000000000e+00,4.084491269588470459e+02
1.850000000000000000e+02,1.856117260362196077e+02,7.356039429096099980e+01,1.000000000000000000e+00,4.104470450878143311e+02
1.860000000000000000e+02,2.042285101870389497e+02,7.369217994352965206e+01,1.000000000000000000e+00,4.124291791915893555e+02
1.870000000000000000e+02,2.180425193800890611e+02,7.380842036491281988e+01,1.000000000000000000e+00,4.144396901130676270e+02
1.880000000000000000e+02,2.128536753545631655e+02,7.391890318735998733e+01,1.000000000000000000e+00,4.164486000537872314e+02
1.890000000000000000e+02,1.948210251794536703e+02,7.401414884253857451e+01,1.000000000000000000e+00,4.184601459503173828e+02
1.900000000000000000e+02,1.999152421045157837e+02,7.409534032759125921e+01,1.000000000000000000e+00,4.204868121147155762e+02
1.910000000000000000e+02,2.255369481978934232e+02,7.418829885499994248e+01,1.000000000000000000e+00,4.226616761684417725e+02
1.920000000000000000e+02,1.492256250697965925e+02,7.430109315534227221e+01,1.000000000000000000e+00,4.248131022453308105e+02
1.930000000000000000e+02,1.912503577444790892e+02,7.440020112778242378e+01,1.000000000000000000e+00,4.271140069961547852e+02
1.940000000000000000e+02,1.615698770275756715e+02,7.448791031445477984e+01,1.000000000000000000e+00,4.295259521007537842e+02
1.950000000000000000e+02,1.643835295248911166e+02,7.455998213230176930e+01,1.000000000000000000e+00,4.317768781185150146e+02
1.960000000000000000e+02,1.981999115154969218e+02,7.461091202495485675e+01,1.000000000000000000e+00,4.345931053161621094e+02
1.970000000000000000e+02,2.311057758767667565e+02,7.468222424825563621e+01,1.000000000000000000e+00,4.369395041465759277e+02
1.980000000000000000e+02,1.706263606751130624e+02,7.475697169655987295e+01,1.000000000000000000e+00,4.394495658874511719e+02
1.990000000000000000e+02,1.419854006994120255e+02,7.482589551576170095e+01,1.000000000000000000e+00,4.416917700767517090e+02
2.000000000000000000e+02,1.223856909543203528e+02,7.489278051363288569e+01,5.000000000000000000e-01,4.437740411758422852e+02
2.010000000000000000e+02,1.276728636515617268e+02,7.492588945408988366e+01,5.000000000000000000e-01,4.458211572170257568e+02
2.020000000000000000e+02,1.405185059925388771e+02,7.495819034645899137e+01,5.000000000000000000e-01,4.477891850471496582e+02
2.030000000000000000e+02,1.406065018319681599e+02,7.498285575187486529e+01,5.000000000000000000e-01,4.497966930866241455e+02
2.040000000000000000e+02,1.843569731902788931e+02,7.500232714721059324e+01,5.000000000000000000e-01,4.517782461643218994e+02
2.050000000000000000e+02,2.136422798519060677e+02,7.502428951843556604e+01,5.000000000000000000e-01,4.536561300754547119e+02
2.060000000000000000e+02,1.971069846372137135e+02,7.504578152746121589e+01,5.000000000000000000e-01,4.556923489570617676e+02
2.070000000000000000e+02,1.518963409732639889e+02,7.506347262777408957e+01,5.000000000000000000e-01,4.576785480976104736e+02
2.080000000000000000e+02,1.249474674077030301e+02,7.507648339943848725e+01,5.000000000000000000e-01,4.596390199661254883e+02
2.090000000000000000e+02,1.417251745776557641e+02,7.509071254492687331e+01,5.000000000000000000e-01,4.616079280376434326e+02
2.100000000000000000e+02,1.623639102566745009e+02,7.510213021161045788e+01,5.000000000000000000e-01,4.636191771030426025e+02
2.110000000000000000e+02,1.893510799429325573e+02,7.511200206057006312e+01,5.000000000000000000e-01,4.657121112346649170e+02
2.120000000000000000e+02,1.469990114480293357e+02,7.511808792153436798e+01,5.000000000000000000e-01,4.677493109703063965e+02
2.130000000000000000e+02,1.474807336590367015e+02,7.512527946670984136e+01,5.000000000000000000e-01,4.696892809867858887e+02
2.140000000000000000e+02,1.836952398632407721e+02,7.513192114821737277e+01,5.000000000000000000e-01,4.717829160690307617e+02
2.150000000000000000e+02,1.685109746489559939e+02,7.514145645791813877e+01,5.000000000000000000e-01,4.739685871601104736e+02
2.160000000000000000e+02,1.536900217653319203e+02,7.515916069593735926e+01,5.000000000000000000e-01,4.763051321506500244e+02
2.170000000000000000e+02,1.654804119605112191e+02,7.517688558114392094e+01,5.000000000000000000e-01,4.784615600109100342e+02
2.180000000000000000e+02,1.341083511449654395e+02,7.520596355031865698e+01,5.000000000000000000e-01,4.806730141639709473e+02
2.190000000000000000e+02,1.855769451071716389e+02,7.523714274736181551e+01,5.000000000000000000e-01,4.829453618526458740e+02
2.200000000000000000e+02,1.239017557823322022e+02,7.527312029678832062e+01,5.000000000000000000e-01,4.853219599723815918e+02
2.210000000000000000e+02,1.462096764555720085e+02,7.531224558146199399e+01,5.000000000000000000e-01,4.875032870769500732e+02
2.220000000000000000e+02,1.641231949381546542e+02,7.534477205903115760e+01,5.000000000000000000e-01,4.898716289997100830e+02
2.230000000000000000e+02,1.637984665970026015e+02,7.537827896525401172e+01,5.000000000000000000e-01,4.921602811813354492e+02
2.240000000000000000e+02,1.409062398948032069e+02,7.540825437368690132e+01,5.000000000000000000e-01,4.945631589889526367e+02
2.250000000000000000e+02,1.762061073384535064e+02,7.543869447179505983e+01,5.000000000000000000e-01,4.968512260913848877e+02
2.260000000000000000e+02,1.429636399540631544e+02,7.545888220447855588e+01,5.000000000000000000e-01,4.990767381191253662e+02
2.270000000000000000e+02,1.657183721934033258e+02,7.548156785409889835e+01,5.000000000000000000e-01,5.007593421936035156e+02
2.280000000000000000e+02,1.380594405103134648e+02,7.550387124140657136e+01,5.000000000000000000e-01,5.023557879924774170e+02
2.290000000000000000e+02,1.505487505065117091e+02,7.551638760875772505e+01,5.000000000000000000e-01,5.041045932769775391e+02
2.300000000000000000e+02,8.808897409488486119e+01,7.553853436327554505e+01,5.000000000000000000e-01,5.061878120899200439e+02
2.310000000000000000e+02,1.376851196938340536e+02,7.555426908260619712e+01,5.000000000000000000e-01,5.080679471492767334e+02
2.320000000000000000e+02,1.391459332180282331e+02,7.557920869252369300e+01,5.000000000000000000e-01,5.098140411376953125e+02
2.330000000000000000e+02,1.492509236331029854e+02,7.560574058402627884e+01,5.000000000000000000e-01,5.116510710716247559e+02
2.340000000000000000e+02,1.357624139173228457e+02,7.563662580594301232e+01,5.000000000000000000e-01,5.133278160095214844e+02
2.350000000000000000e+02,1.814133020021799609e+02,7.565464015600382197e+01,5.000000000000000000e-01,5.151572201251983643e+02
2.360000000000000000e+02,1.807443335000759816e+02,7.567203984736823941e+01,5.000000000000000000e-01,5.169881911277770996e+02
2.370000000000000000e+02,1.966366663289410894e+02,7.569119534976184127e+01,5.000000000000000000e-01,5.193154282569885254e+02
2.380000000000000000e+02,1.436566298758313565e+02,7.572135376700201448e+01,5.000000000000000000e-01,5.215185279846191406e+02
2.390000000000000000e+02,1.526603644797973800e+02,7.575270893398509031e+01,5.000000000000000000e-01,5.237382299900054932e+02
2.400000000000000000e+02,1.324789299251459909e+02,7.578920928578341432e+01,5.000000000000000000e-01,5.260129332542419434e+02
2.410000000000000000e+02,9.863005830977047594e+01,7.582814012048972074e+01,5.000000000000000000e-01,5.282218382358551025e+02
2.420000000000000000e+02,1.177996713809460800e+02,7.586538127906678142e+01,5.000000000000000000e-01,5.304742689132690430e+02
2.430000000000000000e+02,1.090731598870534214e+02,7.590142998145134356e+01,5.000000000000000000e-01,5.327296600341796875e+02
2.440000000000000000e+02,1.705263766866274864e+02,7.593177023556238225e+01,5.000000000000000000e-01,5.350144720077514648e+02
2.450000000000000000e+02,1.461451599546761031e+02,7.596117551621247799e+01,5.000000000000000000e-01,5.372792088985443115e+02
2.460000000000000000e+02,1.095673655903499082e+02,7.598496274478026180e+01,5.000000000000000000e-01,5.396438820362091064e+02
2.470000000000000000e+02,1.079770877926221999e+02,7.599836970921379020e+01,5.000000000000000000e-01,5.420140011310577393e+02
2.480000000000000000e+02,1.087408844884054702e+02,7.601269655023423866e+01,5.000000000000000000e-01,5.443057379722595215e+02
2.490000000000000000e+02,1.594765233762095136e+02,7.601802783801764463e+01,5.000000000000000000e-01,5.459233920574188232e+02
2.500000000000000000e+02,1.057969807392091610e+02,7.602323298481962865e+01,5.000000000000000000e-01,5.480490460395812988e+02
2.510000000000000000e+02,1.370970498806991884e+02,7.603309648447850577e+01,5.000000000000000000e-01,5.508287620544433594e+02
2.520000000000000000e+02,1.137962004868147829e+02,7.604347060210925235e+01,5.000000000000000000e-01,5.526743910312652588e+02
2.530000000000000000e+02,1.646571431378062584e+02,7.605148661123186571e+01,5.000000000000000000e-01,5.547577950954437256e+02
2.540000000000000000e+02,1.235171802630523956e+02,7.605852206476724575e+01,5.000000000000000000e-01,5.572547111511230469e+02
2.550000000000000000e+02,1.221050977000782609e+02,7.606065253508378987e+01,5.000000000000000000e-01,5.593276920318603516e+02
2.560000000000000000e+02,1.614684885895429716e+02,7.605743223087476679e+01,5.000000000000000000e-01,5.616670980453491211e+02
2.570000000000000000e+02,1.285802020912823309e+02,7.605410125067353988e+01,5.000000000000000000e-01,5.643744041919708252e+02
2.580000000000000000e+02,1.226365180008724423e+02,7.605316604800106006e+01,5.000000000000000000e-01,5.672901298999786377e+02
2.590000000000000000e+02,8.973881757291304950e+01,7.605118147009426366e+01,5.000000000000000000e-01,5.697087512016296387e+02
2.600000000000000000e+02,8.162864275515036638e+01,7.604850286511836543e+01,5.000000000000000000e-01,5.718596160411834717e+02
2.610000000000000000e+02,1.086129427847099720e+02,7.604667017059156819e+01,5.000000000000000000e-01,5.751975522041320801e+02
2.620000000000000000e+02,9.472189523274650469e+01,7.604998675638438499e+01,5.000000000000000000e-01,5.788656482696533203e+02
2.630000000000000000e+02,9.559088314843324952e+01,7.605323068873133252e+01,5.000000000000000000e-01,5.832400062084197998e+02
2.640000000000000000e+02,1.292756075347226101e+02,7.605381039002338639e+01,5.000000000000000000e-01,5.878746030330657959e+02
2.650000000000000000e+02,1.128833595905232983e+02,7.605773723543005360e+01,5.000000000000000000e-01,5.923398101329803467e+02
2.660000000000000000e+02,8.581289090870248515e+01,7.606585018321257508e+01,5.000000000000000000e-01,5.967703008651733398e+02
2.670000000000000000e+02,1.159075584586159380e+02,7.607834119710010157e+01,5.000000000000000000e-01,5.999638199806213379e+02
2.680000000000000000e+02,1.299722190324055191e+02,7.609715993576332949e+01,5.000000000000000000e-01,6.032093570232391357e+02
2.690000000000000000e+02,1.076396341482670920e+02,7.611905264502482282e+01,5.000000000000000000e-01,6.065464200973510742e+02
2.700000000000000000e+02,1.381905461741370686e+02,7.613421381482125128e+01,5.000000000000000000e-01,6.098480350971221924e+02
2.710000000000000000e+02,1.351161685130513206e+02,7.615392595170982304e+01,5.000000000000000000e-01,6.129046690464019775e+02
2.720000000000000000e+02,1.231903076665544745e+02,7.617877734004669321e+01,5.000000000000000000e-01,6.164817841053009033e+02
2.730000000000000000e+02,1.226208910934226708e+02,7.621266600424539206e+01,5.000000000000000000e-01,6.196184771060943604e+02
2.740000000000000000e+02,1.467830490563268313e+02,7.625392843730287495e+01,5.000000000000000000e-01,6.229338331222534180e+02
2.750000000000000000e+02,9.486090430115010008e+01,7.629660468959528430e+01,5.000000000000000000e-01,6.258284900188446045e+02
2.760000000000000000e+02,1.068476697619500158e+02,7.633349279745750948e+01,5.000000000000000000e-01,6.299412763118743896e+02
2.770000000000000000e+02,1.086473814514923788e+02,7.636406563737132558e+01,5.000000000000000000e-01,6.343474340438842773e+02
2.780000000000000000e+02,9.866802946546259534e+01,7.638678153753015465e+01,5.000000000000000000e-01,6.380617060661315918e+02
2.790000000000000000e+02,1.423604733043447936e+02,7.641042534432783384e+01,5.000000000000000000e-01,6.418218960762023926e+02
2.800000000000000000e+02,1.381494773409044683e+02,7.643633127675650485e+01,5.000000000000000000e-01,6.459847962856292725e+02
2.810000000000000000e+02,1.445441225561801275e+02,7.645996796751741442e+01,5.000000000000000000e-01,6.496940701007843018e+02
2.820000000000000000e+02,1.192815136385015080e+02,7.649202093306273298e+01,5.000000000000000000e-01,6.535276350975036621e+02
2.830000000000000000e+02,1.153451604720122958e+02,7.651427145016090492e+01,5.000000000000000000e-01,6.575956780910491943e+02
2.840000000000000000e+02,7.851796140927424972e+01,7.654002680236423828e+01,5.000000000000000000e-01,6.610736510753631592e+02
2.850000000000000000e+02,8.240081190169669867e+01,7.656316433718887993e+01,5.000000000000000000e-01,6.655751810073852539e+02
2.860000000000000000e+02,1.269821927146229541e+02,7.658311560719799616e+01,5.000000000000000000e-01,6.683016321659088135e+02
2.870000000000000000e+02,1.192432037576081996e+02,7.659476213823363366e+01,5.000000000000000000e-01,6.710639622211456299e+02
2.880000000000000000e+02,6.573378059079277591e+01,7.660773835980749880e+01,5.000000000000000000e-01,6.737139849662780762e+02
2.890000000000000000e+02,8.250455836447963520e+01,7.661763276046958993e+01,5.000000000000000000e-01,6.761714301109313965e+02
2.900000000000000000e+02,1.189089875059278398e+02,7.662296320795081783e+01,5.000000000000000000e-01,6.785990662574768066e+02
2.910000000000000000e+02,1.095500325239579809e+02,7.663110085534330551e+01,5.000000000000000000e-01,6.811113491058349609e+02
2.920000000000000000e+02,1.170655920077863783e+02,7.663138960354089591e+01,5.000000000000000000e-01,6.844997889995574951e+02
2.930000000000000000e+02,1.196523389728235145e+02,7.663092740004222492e+01,5.000000000000000000e-01,6.879714529514312744e+02
2.940000000000000000e+02,1.056167757243365628e+02,7.662365315487993200e+01,5.000000000000000000e-01,6.912252731323242188e+02
2.950000000000000000e+02,9.091345141628809756e+01,7.661633974458963792e+01,5.000000000000000000e-01,6.943906550407409668e+02
2.960000000000000000e+02,9.955028496950205863e+01,7.661006241796131633e+01,5.000000000000000000e-01,6.976854259967803955e+02
2.970000000000000000e+02,1.137405862308448548e+02,7.660759356096338024e+01,5.000000000000000000e-01,7.010595152378082275e+02
2.980000000000000000e+02,1.020579597459985166e+02,7.660549691529183747e+01,5.000000000000000000e-01,7.041264309883117676e+02
2.990000000000000000e+02,9.700508043027309668e+01,7.660293636457119248e+01,5.000000000000000000e-01,7.074516930580139160e+02
3.000000000000000000e+02,9.627590576060818250e+01,7.660894743455357059e+01,5.000000000000000000e-01,7.109612431526184082e+02
3.010000000000000000e+02,1.309583326746846694e+02,7.661656834839976682e+01,5.000000000000000000e-01,7.143568089008331299e+02
3.020000000000000000e+02,1.008467312729945320e+02,7.662435165550522242e+01,5.000000000000000000e-01,7.176057779788970947e+02
3.030000000000000000e+02,7.833432892352035992e+01,7.663863785267359674e+01,5.000000000000000000e-01,7.203062710762023926e+02
3.040000000000000000e+02,1.043506951201227366e+02,7.665052807962462111e+01,5.000000000000000000e-01,7.238501000404357910e+02
3.050000000000000000e+02,9.268888046676710246e+01,7.666013216262777519e+01,5.000000000000000000e-01,7.270763680934906006e+02
3.060000000000000000e+02,1.010438698357436635e+02,7.666074468875015668e+01,5.000000000000000000e-01,7.300853471755981445e+02
3.070000000000000000e+02,8.140168636140035119e+01,7.665775032669330358e+01,5.000000000000000000e-01,7.332545700073242188e+02
3.080000000000000000e+02,1.137463486825919006e+02,7.665110372618264023e+01,5.000000000000000000e-01,7.359854452610015869e+02
3.090000000000000000e+02,8.419608369927857439e+01,7.664564492625525816e+01,5.000000000000000000e-01,7.389052150249481201e+02
3.100000000000000000e+02,1.067939101566922204e+02,7.664127703754047616e+01,5.000000000000000000e-01,7.416653540134429932e+02
3.110000000000000000e+02,1.065811357195123037e+02,7.664217559429955884e+01,5.000000000000000000e-01,7.444697620868682861e+02
3.120000000000000000e+02,8.906453960208860110e+01,7.664241017208271955e+01,5.000000000000000000e-01,7.476295008659362793e+02
3.130000000000000000e+02,9.522504397442081370e+01,7.663850829016688238e+01,5.000000000000000000e-01,7.507818732261657715e+02
3.140000000000000000e+02,1.361236537690462001e+02,7.664393974720810832e+01,5.000000000000000000e-01,7.539533519744873047e+02
3.150000000000000000e+02,9.997613720194873110e+01,7.664901895219259131e+01,5.000000000000000000e-01,7.566210732460021973e+02
3.160000000000000000e+02,7.208884381326006974e+01,7.665738248818854572e+01,5.000000000000000000e-01,7.596013519763946533e+02
3.170000000000000000e+02,1.076807258802674880e+02,7.666918336881056462e+01,5.000000000000000000e-01,7.625424621105194092e+02
3.180000000000000000e+02,7.755610330501266958e+01,7.667827901090416276e+01,5.000000000000000000e-01,7.654713881015777588e+02
3.190000000000000000e+02,9.074019945884327853e+01,7.669038999863178674e+01,5.000000000000000000e-01,7.682922050952911377e+02
3.200000000000000000e+02,1.013443020535072350e+02,7.671102296344561466e+01,5.000000000000000000e-01,7.712176342010498047e+02
3.210000000000000000e+02,1.053917655625762393e+02,7.672900755413476759e+01,5.000000000000000000e-01,7.740938911437988281e+02
3.220000000000000000e+02,1.257580492054151051e+02,7.675983520000146143e+01,5.000000000000000000e-01,7.769276139736175537e+02
3.230000000000000000e+02,4.553645375033088527e+01,7.678944765534274097e+01,5.000000000000000000e-01,7.797617871761322021e+02
3.240000000000000000e+02,7.282185700524655658e+01,7.681908084175320539e+01,5.000000000000000000e-01,7.826802780628204346e+02
3.250000000000000000e+02,7.491419117944381867e+01,7.685006213907561801e+01,5.000000000000000000e-01,7.856744620800018311e+02
3.260000000000000000e+02,9.250249988547135160e+01,7.687461862841236382e+01,5.000000000000000000e-01,7.886712441444396973e+02
3.270000000000000000e+02,6.301440677317491179e+01,7.689137514950901675e+01,5.000000000000000000e-01,7.916687841415405273e+02
3.280000000000000000e+02,9.224692459705606495e+01,7.690536289519114632e+01,5.000000000000000000e-01,7.947392361164093018e+02
3.290000000000000000e+02,6.220650902180517505e+01,7.692657621593787098e+01,5.000000000000000000e-01,7.977302672863006592e+02
3.300000000000000000e+02,1.018918965162257280e+02,7.694527282431478454e+01,5.000000000000000000e-01,8.007423150539398193e+02
3.310000000000000000e+02,8.203857604262536540e+01,7.696271790236225741e+01,5.000000000000000000e-01,8.032597372531890869e+02
3.320000000000000000e+02,9.670956685340195236e+01,7.697898667543931595e+01,5.000000000000000000e-01,8.063156821727752686e+02
3.330000000000000000e+02,9.813099125516458798e+01,7.699636190032890681e+01,5.000000000000000000e-01,8.094984691143035889e+02
3.340000000000000000e+02,7.005876807880227375e+01,7.701017590966233684e+01,5.000000000000000000e-01,8.127536940574645996e+02
3.350000000000000000e+02,8.071497836464892828e+01,7.702003204319623819e+01,5.000000000000000000e-01,8.158290760517120361e+02
3.360000000000000000e+02,8.527820910236160046e+01,7.703054180018978059e+01,5.000000000000000000e-01,8.189875121116638184e+02
3.370000000000000000e+02,9.063788342105074491e+01,7.703948033998841538e+01,5.000000000000000000e-01,8.221794519424438477e+02
3.380000000000000000e+02,9.722933175955913043e+01,7.705029910039586127e+01,5.000000000000000000e-01,8.254023680686950684e+02
3.390000000000000000e+02,8.913698683248031784e+01,7.706547217759818125e+01,5.000000000000000000e-01,8.286199219226837158e+02
3.400000000000000000e+02,8.705995853307274501e+01,7.708070279569845695e+01,5.000000000000000000e-01,8.316966311931610107e+02
3.410000000000000000e+02,7.875140988707404688e+01,7.709768807865512485e+01,5.000000000000000000e-01,8.350557560920715332e+02
3.420000000000000000e+02,9.336305876541456428e+01,7.710754677032963400e+01,5.000000000000000000e-01,8.384078180789947510e+02
3.430000000000000000e+02,1.612117905111409186e+02,7.712259492774302316e+01,5.000000000000000000e-01,8.414737880229949951e+02
3.440000000000000000e+02,7.175724618502587759e+01,7.713183447392478342e+01,5.000000000000000000e-01,8.439274439811706543e+02
3.450000000000000000e+02,7.528184567007794215e+01,7.713759773781102069e+01,5.000000000000000000e-01,8.466532101631164551e+02
3.460000000000000000e+02,6.695696905421823431e+01,7.713878725996339369e+01,5.000000000000000000e-01,8.492553422451019287e+02
3.470000000000000000e+02,9.287063146495157184e+01,7.713736420392453397e+01,5.000000000000000000e-01,8.517971980571746826e+02
3.480000000000000000e+02,4.430591341390538673e+01,7.713883085058033373e+01,5.000000000000000000e-01,8.539813802242279053e+02
3.490000000000000000e+02,1.041550062928202465e+02,7.714280106664726588e+01,5.000000000000000000e-01,8.561356379985809326e+02
3.500000000000000000e+02,9.070089622148444164e+01,7.714549833873901719e+01,5.000000000000000000e-01,8.583170182704925537e+02
3.510000000000000000e+02,5.957821985441748325e+01,7.714343047033536038e+01,5.000000000000000000e-01,8.606859099864959717e+02
3.520000000000000000e+02,8.342187385866503746e+01,7.714029710771171722e+01,5.000000000000000000e-01,8.635412333011627197e+02
3.530000000000000000e+02,8.963658645125477165e+01,7.713712117553647829e+01,5.000000000000000000e-01,8.662649130821228027e+02
3.540000000000000000e+02,1.101742217904218535e+02,7.713518399502562772e+01,5.000000000000000000e-01,8.693649458885192871e+02
3.550000000000000000e+02,7.209105727563131438e+01,7.713086203821826814e+01,5.000000000000000000e-01,8.719759941101074219e+02
3.560000000000000000e+02,5.789944271754133354e+01,7.712064256058096134e+01,5.000000000000000000e-01,8.744051342010498047e+02
3.570000000000000000e+02,8.799680540660730799e+01,7.710673503340784407e+01,5.000000000000000000e-01,8.770056278705596924e+02
3.580000000000000000e+02,6.624591922633699426e+01,7.710137564963208945e+01,5.000000000000000000e-01,8.796434519290924072e+02
3.590000000000000000e+02,6.841097733126338198e+01,7.710394960648922336e+01,5.000000000000000000e-01,8.819873301982879639e+02
3.600000000000000000e+02,7.859595706004139970e+01,7.711079249251105239e+01,5.000000000000000000e-01,8.844005720615386963e+02
3.610000000000000000e+02,5.561122251908674485e+01,7.711422592589374858e+01,5.000000000000000000e-01,8.867772102355957031e+02
3.620000000000000000e+02,8.404390008302911497e+01,7.712019514500663320e+01,5.000000000000000000e-01,8.892439060211181641e+02
3.630000000000000000e+02,8.686008379916677313e+01,7.712055025153628662e+01,5.000000000000000000e-01,8.918624079227447510e+02
3.640000000000000000e+02,7.756894344389786511e+01,7.712556416721625396e+01,5.000000000000000000e-01,8.943159589767456055e+02
3.650000000000000000e+02,8.550216957449487154e+01,7.712965551136537101e+01,5.000000000000000000e-01,8.966725611686706543e+02
3.660000000000000000e+02,9.361504266641466643e+01,7.713804690544280618e+01,5.000000000000000000e-01,8.989744560718536377e+02
3.670000000000000000e+02,7.343957842664514146e+01,7.714506069300325919e+01,5.000000000000000000e-01,9.011399180889129639e+02
3.680000000000000000e+02,7.145254772358850914e+01,7.715506172793841699e+01,5.000000000000000000e-01,9.032313210964202881e+02
3.690000000000000000e+02,7.260922199287071521e+01,7.716486784743851501e+01,5.000000000000000000e-01,9.054800970554351807e+02
3.700000000000000000e+02,6.242869367074063547e+01,7.717088207941640121e+01,5.000000000000000000e-01,9.077363991737365723e+02
3.710000000000000000e+02,7.903766622086359916e+01,7.717467785846656625e+01,5.000000000000000000e-01,9.100385360717773438e+02
3.720000000000000000e+02,9.358207026868390699e+01,7.717719618013350669e+01,5.000000000000000000e-01,9.122421810626983643e+02
3.730000000000000000e+02,8.006363740591267231e+01,7.717815046268722767e+01,5.000000000000000000e-01,9.144761312007904053e+02
3.740000000000000000e+02,8.887273016275423743e+01,7.717487172877508783e+01,5.000000000000000000e-01,9.167142140865325928e+02
3.750000000000000000e+02,7.531568869330148175e+01,7.717432897348004417e+01,5.000000000000000000e-01,9.190080282688140869e+02
3.760000000000000000e+02,9.361927890562527921e+01,7.718813567934732589e+01,5.000000000000000000e-01,9.213055381774902344e+02
3.770000000000000000e+02,6.776141141851920224e+01,7.718912890945460958e+01,5.000000000000000000e-01,9.234767439365386963e+02
3.780000000000000000e+02,7.635894058244312532e+01,7.718460636395434449e+01,5.000000000000000000e-01,9.257192780971527100e+02
3.790000000000000000e+02,8.522323940683411081e+01,7.718359084947957172e+01,5.000000000000000000e-01,9.279220440387725830e+02
3.800000000000000000e+02,7.752823191378631407e+01,7.719337985735448626e+01,5.000000000000000000e-01,9.301734480857849121e+02
3.810000000000000000e+02,6.919724459125670535e+01,7.721325268049226054e+01,5.000000000000000000e-01,9.323888330459594727e+02
3.820000000000000000e+02,7.503691563561800137e+01,7.723890527794689831e+01,5.000000000000000000e-01,9.348178560733795166e+02
3.830000000000000000e+02,4.327233549215398511e+01,7.725829995810023831e+01,5.000000000000000000e-01,9.371667590141296387e+02
3.840000000000000000e+02,6.408569071209620915e+01,7.727393763016556250e+01,5.000000000000000000e-01,9.395428092479705811e+02
3.850000000000000000e+02,5.068888411247112202e+01,7.728819704053179862e+01,5.000000000000000000e-01,9.418159649372100830e+02
3.860000000000000000e+02,6.116803672386315327e+01,7.730184030080326352e+01,5.000000000000000000e-01,9.441040639877319336e+02
3.870000000000000000e+02,5.759203338953795992e+01,7.731281009568823492e+01,5.000000000000000000e-01,9.464472739696502686e+02
3.880000000000000000e+02,8.295940391305242656e+01,7.731784086549990320e+01,5.000000000000000000e-01,9.487330582141876221e+02
3.890000000000000000e+02,6.185295053592273007e+01,7.731685011918082751e+01,5.000000000000000000e-01,9.512204339504241943e+02
3.900000000000000000e+02,5.868162777683939879e+01,7.731216298484653748e+01,5.000000000000000000e-01,9.535371651649475098e+02
3.910000000000000000e+02,7.136548837151860880e+01,7.730433563870306557e+01,5.000000000000000000e-01,9.557356112003326416e+02
3.920000000000000000e+02,6.565993992851926464e+01,7.729290641404730877e+01,5.000000000000000000e-01,9.579650571346282959e+02
3.930000000000000000e+02,5.596751244567456496e+01,7.728287820700865041e+01,5.000000000000000000e-01,9.601763572692871094e+02
3.940000000000000000e+02,6.837470912897472886e+01,7.727097200625941298e+01,5.000000000000000000e-01,9.623104021549224854e+02
3.950000000000000000e+02,4.758462245723604411e+01,7.725020678295562959e+01,5.000000000000000000e-01,9.645571770668029785e+02
3.960000000000000000e+02,6.966173690804001239e+01,7.723309292713970819e+01,5.000000000000000000e-01,9.667753221988677979e+02
3.970000000000000000e+02,8.021327206309044300e+01,7.721619235705090034e+01,5.000000000000000000e-01,9.690284161567687988e+02
3.980000000000000000e+02,5.548230195459542813e+01,7.719827296635806135e+01,5.000000000000000000e-01,9.712641260623931885e+02
3.990000000000000000e+02,6.480668767313709111e+01,7.717905761609253545e+01,5.000000000000000000e-01,9.734053890705108643e+02
4.000000000000000000e+02,6.640761660429093638e+01,7.716485936926791567e+01,2.500000000000000000e-01,9.755855071544647217e+02
4.010000000000000000e+02,6.535895776996436268e+01,7.715848983956286133e+01,2.500000000000000000e-01,9.778481750488281250e+02
4.020000000000000000e+02,7.207471896102724429e+01,7.714924876514292862e+01,2.500000000000000000e-01,9.801769800186157227e+02
4.030000000000000000e+02,4.412845574930094017e+01,7.714395696555975235e+01,2.500000000000000000e-01,9.825581870079040527e+02
4.040000000000000000e+02,5.439479034321029616e+01,7.714076863777553683e+01,2.500000000000000000e-01,9.848574211597442627e+02
4.050000000000000000e+02,4.655785198268077352e+01,7.713754219516005151e+01,2.500000000000000000e-01,9.871053071022033691e+02
4.060000000000000000e+02,5.787244338976323377e+01,7.713395835215089846e+01,2.500000000000000000e-01,9.894742150306701660e+02
4.070000000000000000e+02,6.603798455267767054e+01,7.713050459790005675e+01,2.500000000000000000e-01,9.917947971820831299e+02
4.080000000000000000e+02,5.727779014580681860e+01,7.712859266705623895e+01,2.500000000000000000e-01,9.942698209285736084e+02
4.090000000000000000e+02,6.480819783658989763e+01,7.712944845659657744e+01,2.500000000000000000e-01,9.965323371887207031e+02
4.100000000000000000e+02,5.934802553617878829e+01,7.712854967684636165e+01,2.500000000000000000e-01,9.987420020103454590e+02
4.110000000000000000e+02,4.665258233234418128e+01,7.712426397412424706e+01,2.500000000000000000e-01,1.001030971288681030e+03
4.120000000000000000e+02,5.393959318040808171e+01,7.711965009259868964e+01,2.500000000000000000e-01,1.003424305200576782e+03
4.130000000000000000e+02,5.380842914947977818e+01,7.711338109341244262e+01,2.500000000000000000e-01,1.005786046981811523e+03
4.140000000000000000e+02,4.378861620955005662e+01,7.710871496030964067e+01,2.500000000000000000e-01,1.008329059123992920e+03
4.150000000000000000e+02,6.777322632515554801e+01,7.710236087413979078e+01,2.500000000000000000e-01,1.010797377109527588e+03
4.160000000000000000e+02,5.241543325886772209e+01,7.709585990258764809e+01,2.500000000000000000e-01,1.013148034095764160e+03
4.170000000000000000e+02,6.981435536532724484e+01,7.709068963785088613e+01,2.500000000000000000e-01,1.015711977958679199e+03
4.180000000000000000e+02,5.953944690244000526e+01,7.708855018015067628e+01,2.500000000000000000e-01,1.018451131105422974e+03
4.190000000000000000e+02,6.430383542178746836e+01,7.708704417984777990e+01,2.500000000000000000e-01,1.021039781093597412e+03
4.200000000000000000e+02,6.138360342731975550e+01,7.708748716342019236e+01,2.500000000000000000e-01,1.023481751203536987e+03
4.210000000000000000e+02,6.995837742539383441e+01,7.709020706447235227e+01,2.500000000000000000e-01,1.026547503232955933e+03
4.220000000000000000e+02,5.225741294471731635e+01,7.709614996296816969e+01,2.500000000000000000e-01,1.029569052934646606e+03
4.230000000000000000e+02,8.992298328253514228e+01,7.710242763166321822e+01,2.500000000000000000e-01,1.032314325094223022e+03
4.240000000000000000e+02,5.219431251517148951e+01,7.710994568505613245e+01,2.500000000000000000e-01,1.034816148996353149e+03
4.250000000000000000e+02,6.972299549093614246e+01,7.711847954826586715e+01,2.500000000000000000e-01,1.037291306972503662e+03
4.260000000000000000e+02,5.050735500228388020e+01,7.712667853553212183e+01,2.500000000000000000e-01,1.039909345149993896e+03
4.270000000000000000e+02,5.806170903401289962e+01,7.713413316392146157e+01,2.500000000000000000e-01,1.042277207136154175e+03
4.280000000000000000e+02,6.771898491534507514e+01,7.714003994536537334e+01,2.500000000000000000e-01,1.044533319950103760e+03
4.290000000000000000e+02,7.008546494409090144e+01,7.714527033851507554e+01,2.500000000000000000e-01,1.046732402086257935e+03
4.300000000000000000e+02,4.938654528696378065e+01,7.714886313399595963e+01,2.500000000000000000e-01,1.048989036083221436e+03
4.310000000000000000e+02,6.626853270477346314e+01,7.715219703139156593e+01,2.500000000000000000e-01,1.051215847969055176e+03
4.320000000000000000e+02,6.550410332514121592e+01,7.715626596084211997e+01,2.500000000000000000e-01,1.053419996976852417e+03
4.330000000000000000e+02,5.513858864937726878e+01,7.715881265394159527e+01,2.500000000000000000e-01,1.055729401111602783e+03
4.340000000000000000e+02,5.548036386609607007e+01,7.715967675728134623e+01,2.500000000000000000e-01,1.058011999130249023e+03
4.350000000000000000e+02,7.938806130982065667e+01,7.716155186845554681e+01,2.500000000000000000e-01,1.060154724121093750e+03
4.360000000000000000e+02,5.539109107865758119e+01,7.716181661287002669e+01,2.500000000000000000e-01,1.062270757198333740e+03
4.370000000000000000e+02,6.764424641117886949e+01,7.716136525460390772e+01,2.500000000000000000e-01,1.064493243217468262e+03
4.380000000000000000e+02,7.309176256320864695e+01,7.716098274747407970e+01,2.500000000000000000e-01,1.066691880941390991e+03
4.390000000000000000e+02,5.534888560922661327e+01,7.716327789592885722e+01,2.500000000000000000e-01,1.068893197059631348e+03
4.400000000000000000e+02,7.705832866874516185e+01,7.716410257934336414e+01,2.500000000000000000e-01,1.071063813209533691e+03
4.410000000000000000e+02,5.473830802995431810e+01,7.716131108380868397e+01,2.500000000000000000e-01,1.073222280979156494e+03
4.420000000000000000e+02,5.670511796772365187e+01,7.715524276194385322e+01,2.500000000000000000e-01,1.075483693122863770e+03
4.430000000000000000e+02,6.426728886895455162e+01,7.714677875105185478e+01,2.500000000000000000e-01,1.077651362180709839e+03
4.440000000000000000e+02,6.662663039462174197e+01,7.713681164425854320e+01,2.500000000000000000e-01,1.079733091115951538e+03
4.450000000000000000e+02,5.026268237320287824e+01,7.712754888436116119e+01,2.500000000000000000e-01,1.081843018054962158e+03
4.460000000000000000e+02,5.653092449910651851e+01,7.712365767269450600e+01,2.500000000000000000e-01,1.083965804100036621e+03
4.470000000000000000e+02,6.278023903308461229e+01,7.712094778530324390e+01,2.500000000000000000e-01,1.086148020029067993e+03
4.480000000000000000e+02,6.790130528217261485e+01,7.711633579405837224e+01,2.500000000000000000e-01,1.088326977014541626e+03
4.490000000000000000e+02,6.466164008812467046e+01,7.711455782158581940e+01,2.500000000000000000e-01,1.090456312179565430e+03
4.500000000000000000e+02,5.131361861359442855e+01,7.711278097809491783e+01,2.500000000000000000e-01,1.092595783948898315e+03
4.510000000000000000e+02,5.421445523132059918e+01,7.710967244024935496e+01,2.500000000000000000e-01,1.094834890127182007e+03
4.520000000000000000e+02,5.464202199744174493e+01,7.710496711504454481e+01,2.500000000000000000e-01,1.097044582128524780e+03
4.530000000000000000e+02,4.535228515724900689e+01,7.710599252018072036e+01,2.500000000000000000e-01,1.099194664001464844e+03
4.540000000000000000e+02,5.420446156678794125e+01,7.710951672576904059e+01,2.500000000000000000e-01,1.101339607000350952e+03
4.550000000000000000e+02,5.431749936436220594e+01,7.711564168176779788e+01,2.500000000000000000e-01,1.103555346012115479e+03
4.560000000000000000e+02,6.217273425186799329e+01,7.712204452501234186e+01,2.500000000000000000e-01,1.105732877016067505e+03
4.570000000000000000e+02,4.974836256232931930e+01,7.712624029242624601e+01,2.500000000000000000e-01,1.107955806970596313e+03
4.580000000000000000e+02,3.485296567866892303e+01,7.713196929661233980e+01,2.500000000000000000e-01,1.110161431074142456e+03
4.590000000000000000e+02,3.729274647531034503e+01,7.713696742808686224e+01,2.500000000000000000e-01,1.112366758108139038e+03
4.600000000000000000e+02,5.659817155633963637e+01,7.713974699618739805e+01,2.500000000000000000e-01,1.114683634042739868e+03
4.610000000000000000e+02,5.456494203015610367e+01,7.714587949336544170e+01,2.500000000000000000e-01,1.116936691999435425e+03
4.620000000000000000e+02,5.574643093065847665e+01,7.714775595823253695e+01,2.500000000000000000e-01,1.119131087064743042e+03
4.630000000000000000e+02,5.816615093473201625e+01,7.714717946278007332e+01,2.500000000000000000e-01,1.121319815874099731e+03
4.640000000000000000e+02,5.249176531663547962e+01,7.714654303750191389e+01,2.500000000000000000e-01,1.123560974121093750e+03
4.650000000000000000e+02,5.514564047567478156e+01,7.714802398102123959e+01,2.500000000000000000e-01,1.125794964075088501e+03
4.660000000000000000e+02,7.634717662449428133e+01,7.714657252652483521e+01,2.500000000000000000e-01,1.128045737981796265e+03
4.670000000000000000e+02,3.703129623785392965e+01,7.714647834423324468e+01,2.500000000000000000e-01,1.130200679063796997e+03
4.680000000000000000e+02,3.694855060105305711e+01,7.714820041952964402e+01,2.500000000000000000e-01,1.132384069204330444e+03
4.690000000000000000e+02,6.847686090041509033e+01,7.714807044032629335e+01,2.500000000000000000e-01,1.134673713207244873e+03
4.700000000000000000e+02,5.044508845071954539e+01,7.714411389927298046e+01,2.500000000000000000e-01,1.136831669092178345e+03
4.710000000000000000e+02,4.041321354065129867e+01,7.713987714456949618e+01,2.500000000000000000e-01,1.139038213253021240e+03
4.720000000000000000e+02,3.515656221087026267e+01,7.713428255766979191e+01,2.500000000000000000e-01,1.141243390083312988e+03
4.730000000000000000e+02,4.030997258075115752e+01,7.712943145924575106e+01,2.500000000000000000e-01,1.143452834129333496e+03
4.740000000000000000e+02,5.413228495794640338e+01,7.712969814183425399e+01,2.500000000000000000e-01,1.145624641180038452e+03
4.750000000000000000e+02,4.890077861217140764e+01,7.713177391604423860e+01,2.500000000000000000e-01,1.147740599155426025e+03
4.760000000000000000e+02,4.727988007775541490e+01,7.713200793908484343e+01,2.500000000000000000e-01,1.149880644083023071e+03
4.770000000000000000e+02,5.442161083470436722e+01,7.712920472953931039e+01,2.500000000000000000e-01,1.152078178167343140e+03
4.780000000000000000e+02,4.865084277406946001e+01,7.712466519405316490e+01,2.500000000000000000e-01,1.154198045969009399e+03
4.790000000000000000e+02,3.953062972303157352e+01,7.711692851674753513e+01,2.500000000000000000e-01,1.156286273002624512e+03
4.800000000000000000e+02,4.244337388427543090e+01,7.711020622547952996e+01,2.500000000000000000e-01,1.158096816062927246e+03
4.810000000000000000e+02,4.316016305189027946e+01,7.710717241067649752e+01,2.500000000000000000e-01,1.159876424074172974e+03
4.820000000000000000e+02,4.278732604790472038e+01,7.710218856460357983e+01,2.500000000000000000e-01,1.161498291969299316e+03
4.830000000000000000e+02,4.981170190895350913e+01,7.709559969544278601e+01,2.500000000000000000e-01,1.163216441154479980e+03
4.840000000000000000e+02,4.526475135699766383e+01,7.708797248257531010e+01,2.500000000000000000e-01,1.164837418079376221e+03
4.850000000000000000e+02,5.766559548917410893e+01,7.708064917133584970e+01,2.500000000000000000e-01,1.166433854103088379e+03
4.860000000000000000e+02,5.478215333492164518e+01,7.707617476712368898e+01,2.500000000000000000e-01,1.168030427217483521e+03
4.870000000000000000e+02,4.717347955572115836e+01,7.707325153435368748e+01,2.500000000000000000e-01,1.169623079061508179e+03
4.880000000000000000e+02,4.129848775275786465e+01,7.707416018849241368e+01,2.500000000000000000e-01,1.171192168951034546e+03
4.890000000000000000e+02,5.683819672189099492e+01,7.707489367377955602e+01,2.500000000000000000e-01,1.172794312953948975e+03
4.900000000000000000e+02,4.618070652658225583e+01,7.707868857276915264e+01,2.500000000000000000e-01,1.174415546178817749e+03
4.910000000000000000e+02,5.403444623824299242e+01,7.708619390514532199e+01,2.500000000000000000e-01,1.175983783006668091e+03
4.920000000000000000e+02,4.130818974989250592e+01,7.709661033296279697e+01,2.500000000000000000e-01,1.177561265945434570e+03
4.930000000000000000e+02,4.064901209174448127e+01,7.710461613266203074e+01,2.500000000000000000e-01,1.179160073041915894e+03
4.940000000000000000e+02,5.779472937163106394e+01,7.711391489054055626e+01,2.500000000000000000e-01,1.180735267162322998e+03
4.950000000000000000e+02,4.300966139608291883e+01,7.712066442227421703e+01,2.500000000000000000e-01,1.182323421001434326e+03
4.960000000000000000e+02,4.873260352355578817e+01,7.712422197730212758e+01,2.500000000000000000e-01,1.183937031984329224e+03
4.970000000000000000e+02,5.060835965189485108e+01,7.712533285905620062e+01,2.500000000000000000e-01,1.185543857097625732e+03
4.980000000000000000e+02,4.295639667986950627e+01,7.712698318422926036e+01,2.500000000000000000e-01,1.187118314027786255e+03
4.990000000000000000e+02,4.762322870911851425e+01,7.713006115698806298e+01,2.500000000000000000e-01,1.188706741094589233e+03
5.000000000000000000e+02,4.458963587984180776e+01,7.713500729796311361e+01,2.500000000000000000e-01,1.190319473266601562e+03
